{
  "version": 1.1,
  "checkSum": "0x5c430f132fffffff8b054023ffffffbd5527ffffff95687efffffffefffffffb74ffffffb9ffffff951cffffff82ffffffd2fffffffc25ffffffc43834ffffffb5ffffffc2ffffffce40",
  "sha1": "10928976bfc02e6b76805f62b9a7ad32cdbe0f34",
  "invalidate": [],
  "files": [
    {
      "localFile": "\\bin",
      "size": 0
    },
    {
      "localFile": "\\bin\\acyclic.exe",
      "size": 11264
    },
    {
      "localFile": "\\bin\\ann.dll",
      "size": 196608
    },
    {
      "localFile": "\\bin\\bcomps.exe",
      "size": 13312
    },
    {
      "localFile": "\\bin\\ccomps.exe",
      "size": 18432
    },
    {
      "localFile": "\\bin\\cdt.dll",
      "size": 26112
    },
    {
      "localFile": "\\bin\\cgraph.dll",
      "size": 70656
    },
    {
      "localFile": "\\bin\\circo.exe",
      "size": 7680
    },
    {
      "localFile": "\\bin\\config6",
      "size": 3569
    },
    {
      "localFile": "\\bin\\dijkstra.exe",
      "size": 12800
    },
    {
      "localFile": "\\bin\\dot.exe",
      "size": 7680
    },
    {
      "localFile": "\\bin\\dotty.exe",
      "size": 7680
    },
    {
      "localFile": "\\bin\\exparse.h",
      "size": 5157
    },
    {
      "localFile": "\\bin\\fc-cache.exe",
      "size": 28565
    },
    {
      "localFile": "\\bin\\fc-cat.exe",
      "size": 14848
    },
    {
      "localFile": "\\bin\\fc-list.exe",
      "size": 23770
    },
    {
      "localFile": "\\bin\\fc-match.exe",
      "size": 11776
    },
    {
      "localFile": "\\bin\\fdp.exe",
      "size": 7680
    },
    {
      "localFile": "\\bin\\fontconfig.dll",
      "size": 194048
    },
    {
      "localFile": "\\bin\\fontconfig_fix.dll",
      "size": 57344
    },
    {
      "localFile": "\\bin\\freetype6.dll",
      "size": 538324
    },
    {
      "localFile": "\\bin\\gc.exe",
      "size": 11776
    },
    {
      "localFile": "\\bin\\getopt.h",
      "size": 1275
    },
    {
      "localFile": "\\bin\\glut32.dll",
      "size": 237568
    },
    {
      "localFile": "\\bin\\gml2gv.exe",
      "size": 19456
    },
    {
      "localFile": "\\bin\\graphml2gv.exe",
      "size": 7168
    },
    {
      "localFile": "\\bin\\Graphviz.ini",
      "size": 25
    },
    {
      "localFile": "\\bin\\gv2gml.exe",
      "size": 19456
    },
    {
      "localFile": "\\bin\\gvc.dll",
      "size": 544256
    },
    {
      "localFile": "\\bin\\gvcolor.exe",
      "size": 11776
    },
    {
      "localFile": "\\bin\\gvedit.exe",
      "size": 166400
    },
    {
      "localFile": "\\bin\\GVedit.html",
      "size": 13656
    },
    {
      "localFile": "\\bin\\gvgen.exe",
      "size": 20992
    },
    {
      "localFile": "\\bin\\gvmap.exe",
      "size": 20494336
    },
    {
      "localFile": "\\bin\\gvpack.exe",
      "size": 19456
    },
    {
      "localFile": "\\bin\\gvplugin_core.dll",
      "size": 95744
    },
    {
      "localFile": "\\bin\\gvplugin_dot_layout.dll",
      "size": 212992
    },
    {
      "localFile": "\\bin\\gvplugin_gd.dll",
      "size": 262656
    },
    {
      "localFile": "\\bin\\gvplugin_gdiplus.dll",
      "size": 45568
    },
    {
      "localFile": "\\bin\\gvplugin_neato_layout.dll",
      "size": 754688
    },
    {
      "localFile": "\\bin\\gvplugin_pango.dll",
      "size": 31744
    },
    {
      "localFile": "\\bin\\gvpr.exe",
      "size": 339968
    },
    {
      "localFile": "\\bin\\gxl2gv.exe",
      "size": 30720
    },
    {
      "localFile": "\\bin\\iconv.dll",
      "size": 33129
    },
    {
      "localFile": "\\bin\\intl.dll",
      "size": 104861
    },
    {
      "localFile": "\\bin\\jpeg62.dll",
      "size": 128512
    },
    {
      "localFile": "\\bin\\lefty.exe",
      "size": 217600
    },
    {
      "localFile": "\\bin\\libatk-1.0-0.dll",
      "size": 158347
    },
    {
      "localFile": "\\bin\\libcairo-2.dll",
      "size": 946905
    },
    {
      "localFile": "\\bin\\libexpat-1.dll",
      "size": 143096
    },
    {
      "localFile": "\\bin\\libexpat.dll",
      "size": 143360
    },
    {
      "localFile": "\\bin\\libfontconfig-1.dll",
      "size": 194048
    },
    {
      "localFile": "\\bin\\libfreetype-6.dll",
      "size": 522240
    },
    {
      "localFile": "\\bin\\libgdk-win32-2.0-0.dll",
      "size": 569344
    },
    {
      "localFile": "\\bin\\libgdkglext-win32-1.0-0.dll",
      "size": 274432
    },
    {
      "localFile": "\\bin\\libgdk_pixbuf-2.0-0.dll",
      "size": 86528
    },
    {
      "localFile": "\\bin\\libgio-2.0-0.dll",
      "size": 704583
    },
    {
      "localFile": "\\bin\\libglade-2.0-0.dll",
      "size": 87040
    },
    {
      "localFile": "\\bin\\libglib-2.0-0.dll",
      "size": 1202136
    },
    {
      "localFile": "\\bin\\libgmodule-2.0-0.dll",
      "size": 32256
    },
    {
      "localFile": "\\bin\\libgobject-2.0-0.dll",
      "size": 317511
    },
    {
      "localFile": "\\bin\\libgthread-2.0-0.dll",
      "size": 40198
    },
    {
      "localFile": "\\bin\\libgtk-win32-2.0-0.dll",
      "size": 3810304
    },
    {
      "localFile": "\\bin\\libgtkglext-win32-1.0-0.dll",
      "size": 10752
    },
    {
      "localFile": "\\bin\\libltdl-3.dll",
      "size": 470203
    },
    {
      "localFile": "\\bin\\libpango-1.0-0.dll",
      "size": 339073
    },
    {
      "localFile": "\\bin\\libpangocairo-1.0-0.dll",
      "size": 95193
    },
    {
      "localFile": "\\bin\\libpangoft2-1.0-0.dll",
      "size": 687426
    },
    {
      "localFile": "\\bin\\libpangowin32-1.0-0.dll",
      "size": 102930
    },
    {
      "localFile": "\\bin\\libpng12.dll",
      "size": 145920
    },
    {
      "localFile": "\\bin\\libpng14-14.dll",
      "size": 219305
    },
    {
      "localFile": "\\bin\\libxml2.dll",
      "size": 1291264
    },
    {
      "localFile": "\\bin\\lneato.exe",
      "size": 7680
    },
    {
      "localFile": "\\bin\\ltdl.dll",
      "size": 470203
    },
    {
      "localFile": "\\bin\\mingle.exe",
      "size": 257024
    },
    {
      "localFile": "\\bin\\mm2gv.exe",
      "size": 77824
    },
    {
      "localFile": "\\bin\\neato.exe",
      "size": 7680
    },
    {
      "localFile": "\\bin\\New Text Document.txt",
      "size": 0
    },
    {
      "localFile": "\\bin\\nop.exe",
      "size": 9216
    },
    {
      "localFile": "\\bin\\osage.exe",
      "size": 7680
    },
    {
      "localFile": "\\bin\\patchwork.exe",
      "size": 7680
    },
    {
      "localFile": "\\bin\\Pathplan.dll",
      "size": 34816
    },
    {
      "localFile": "\\bin\\props.txt",
      "size": 3617
    },
    {
      "localFile": "\\bin\\prune.exe",
      "size": 12288
    },
    {
      "localFile": "\\bin\\QtCore4.dll",
      "size": 2278912
    },
    {
      "localFile": "\\bin\\QtGui4.dll",
      "size": 8151040
    },
    {
      "localFile": "\\bin\\sccmap.exe",
      "size": 13312
    },
    {
      "localFile": "\\bin\\Settings.ini",
      "size": 122
    },
    {
      "localFile": "\\bin\\sfdp.exe",
      "size": 7680
    },
    {
      "localFile": "\\bin\\smyrna.exe",
      "size": 727552
    },
    {
      "localFile": "\\bin\\tred.exe",
      "size": 10240
    },
    {
      "localFile": "\\bin\\twopi.exe",
      "size": 7680
    },
    {
      "localFile": "\\bin\\unflatten.exe",
      "size": 11264
    },
    {
      "localFile": "\\bin\\vmalloc.dll",
      "size": 42496
    },
    {
      "localFile": "\\bin\\zlib1.dll",
      "size": 59904
    },
    {
      "localFile": "\\etc",
      "size": 0
    },
    {
      "localFile": "\\etc\\fonts",
      "size": 0
    },
    {
      "localFile": "\\etc\\fonts\\conf.avail",
      "size": 0
    },
    {
      "localFile": "\\etc\\fonts\\conf.avail\\10-autohint.conf",
      "size": 250
    },
    {
      "localFile": "\\etc\\fonts\\conf.avail\\10-no-sub-pixel.conf",
      "size": 257
    },
    {
      "localFile": "\\etc\\fonts\\conf.avail\\10-sub-pixel-bgr.conf",
      "size": 256
    },
    {
      "localFile": "\\etc\\fonts\\conf.avail\\10-sub-pixel-rgb.conf",
      "size": 256
    },
    {
      "localFile": "\\etc\\fonts\\conf.avail\\10-sub-pixel-vbgr.conf",
      "size": 257
    },
    {
      "localFile": "\\etc\\fonts\\conf.avail\\10-sub-pixel-vrgb.conf",
      "size": 257
    },
    {
      "localFile": "\\etc\\fonts\\conf.avail\\10-unhinted.conf",
      "size": 247
    },
    {
      "localFile": "\\etc\\fonts\\conf.avail\\20-fix-globaladvance.conf",
      "size": 943
    },
    {
      "localFile": "\\etc\\fonts\\conf.avail\\20-lohit-gujarati.conf",
      "size": 301
    },
    {
      "localFile": "\\etc\\fonts\\conf.avail\\20-unhint-small-vera.conf",
      "size": 1188
    },
    {
      "localFile": "\\etc\\fonts\\conf.avail\\30-amt-aliases.conf",
      "size": 514
    },
    {
      "localFile": "\\etc\\fonts\\conf.avail\\30-urw-aliases.conf",
      "size": 1484
    },
    {
      "localFile": "\\etc\\fonts\\conf.avail\\40-generic.conf",
      "size": 1723
    },
    {
      "localFile": "\\etc\\fonts\\conf.avail\\49-sansserif.conf",
      "size": 545
    },
    {
      "localFile": "\\etc\\fonts\\conf.avail\\50-user.conf",
      "size": 269
    },
    {
      "localFile": "\\etc\\fonts\\conf.avail\\51-local.conf",
      "size": 271
    },
    {
      "localFile": "\\etc\\fonts\\conf.avail\\60-latin.conf",
      "size": 1064
    },
    {
      "localFile": "\\etc\\fonts\\conf.avail\\65-fonts-persian.conf",
      "size": 12559
    },
    {
      "localFile": "\\etc\\fonts\\conf.avail\\65-nonlatin.conf",
      "size": 954
    },
    {
      "localFile": "\\etc\\fonts\\conf.avail\\69-unifont.conf",
      "size": 454
    },
    {
      "localFile": "\\etc\\fonts\\conf.avail\\70-no-bitmaps.conf",
      "size": 306
    },
    {
      "localFile": "\\etc\\fonts\\conf.avail\\70-yes-bitmaps.conf",
      "size": 296
    },
    {
      "localFile": "\\etc\\fonts\\conf.avail\\80-delicious.conf",
      "size": 433
    },
    {
      "localFile": "\\etc\\fonts\\conf.avail\\90-synthetic.conf",
      "size": 1754
    },
    {
      "localFile": "\\etc\\fonts\\conf.avail\\README",
      "size": 1474
    },
    {
      "localFile": "\\etc\\fonts\\conf.d",
      "size": 0
    },
    {
      "localFile": "\\etc\\fonts\\conf.d\\20-fix-globaladvance.conf",
      "size": 943
    },
    {
      "localFile": "\\etc\\fonts\\conf.d\\20-lohit-gujarati.conf",
      "size": 301
    },
    {
      "localFile": "\\etc\\fonts\\conf.d\\20-unhint-small-vera.conf",
      "size": 1188
    },
    {
      "localFile": "\\etc\\fonts\\conf.d\\30-amt-aliases.conf",
      "size": 514
    },
    {
      "localFile": "\\etc\\fonts\\conf.d\\30-urw-aliases.conf",
      "size": 1484
    },
    {
      "localFile": "\\etc\\fonts\\conf.d\\40-generic.conf",
      "size": 1723
    },
    {
      "localFile": "\\etc\\fonts\\conf.d\\49-sansserif.conf",
      "size": 545
    },
    {
      "localFile": "\\etc\\fonts\\conf.d\\50-user.conf",
      "size": 269
    },
    {
      "localFile": "\\etc\\fonts\\conf.d\\51-local.conf",
      "size": 271
    },
    {
      "localFile": "\\etc\\fonts\\conf.d\\60-latin.conf",
      "size": 1064
    },
    {
      "localFile": "\\etc\\fonts\\conf.d\\65-fonts-persian.conf",
      "size": 12559
    },
    {
      "localFile": "\\etc\\fonts\\conf.d\\65-nonlatin.conf",
      "size": 954
    },
    {
      "localFile": "\\etc\\fonts\\conf.d\\69-unifont.conf",
      "size": 454
    },
    {
      "localFile": "\\etc\\fonts\\conf.d\\80-delicious.conf",
      "size": 433
    },
    {
      "localFile": "\\etc\\fonts\\conf.d\\90-synthetic.conf",
      "size": 1754
    },
    {
      "localFile": "\\etc\\fonts\\fonts.conf",
      "size": 5319
    },
    {
      "localFile": "\\etc\\fonts\\fonts.dtd",
      "size": 6907
    },
    {
      "localFile": "\\etc\\gtk-2.0",
      "size": 0
    },
    {
      "localFile": "\\etc\\gtk-2.0\\gdk-pixbuf.loaders",
      "size": 3171
    },
    {
      "localFile": "\\etc\\gtk-2.0\\gtk.immodules",
      "size": 1470
    },
    {
      "localFile": "\\etc\\gtk-2.0\\gtkrc",
      "size": 30
    },
    {
      "localFile": "\\fonts",
      "size": 0
    },
    {
      "localFile": "\\fonts\\conf.avail",
      "size": 0
    },
    {
      "localFile": "\\fonts\\conf.avail\\10-autohint.conf",
      "size": 250
    },
    {
      "localFile": "\\fonts\\conf.avail\\10-no-sub-pixel.conf",
      "size": 257
    },
    {
      "localFile": "\\fonts\\conf.avail\\10-sub-pixel-bgr.conf",
      "size": 256
    },
    {
      "localFile": "\\fonts\\conf.avail\\10-sub-pixel-rgb.conf",
      "size": 256
    },
    {
      "localFile": "\\fonts\\conf.avail\\10-sub-pixel-vbgr.conf",
      "size": 257
    },
    {
      "localFile": "\\fonts\\conf.avail\\10-sub-pixel-vrgb.conf",
      "size": 257
    },
    {
      "localFile": "\\fonts\\conf.avail\\10-unhinted.conf",
      "size": 247
    },
    {
      "localFile": "\\fonts\\conf.avail\\20-fix-globaladvance.conf",
      "size": 943
    },
    {
      "localFile": "\\fonts\\conf.avail\\20-lohit-gujarati.conf",
      "size": 301
    },
    {
      "localFile": "\\fonts\\conf.avail\\20-unhint-small-vera.conf",
      "size": 1188
    },
    {
      "localFile": "\\fonts\\conf.avail\\30-amt-aliases.conf",
      "size": 514
    },
    {
      "localFile": "\\fonts\\conf.avail\\30-urw-aliases.conf",
      "size": 1484
    },
    {
      "localFile": "\\fonts\\conf.avail\\40-generic.conf",
      "size": 1723
    },
    {
      "localFile": "\\fonts\\conf.avail\\49-sansserif.conf",
      "size": 545
    },
    {
      "localFile": "\\fonts\\conf.avail\\50-user.conf",
      "size": 269
    },
    {
      "localFile": "\\fonts\\conf.avail\\51-local.conf",
      "size": 271
    },
    {
      "localFile": "\\fonts\\conf.avail\\60-latin.conf",
      "size": 1064
    },
    {
      "localFile": "\\fonts\\conf.avail\\65-fonts-persian.conf",
      "size": 12559
    },
    {
      "localFile": "\\fonts\\conf.avail\\65-nonlatin.conf",
      "size": 954
    },
    {
      "localFile": "\\fonts\\conf.avail\\69-unifont.conf",
      "size": 454
    },
    {
      "localFile": "\\fonts\\conf.avail\\70-no-bitmaps.conf",
      "size": 306
    },
    {
      "localFile": "\\fonts\\conf.avail\\70-yes-bitmaps.conf",
      "size": 296
    },
    {
      "localFile": "\\fonts\\conf.avail\\80-delicious.conf",
      "size": 433
    },
    {
      "localFile": "\\fonts\\conf.avail\\90-synthetic.conf",
      "size": 1754
    },
    {
      "localFile": "\\fonts\\conf.avail\\README",
      "size": 1474
    },
    {
      "localFile": "\\fonts\\conf.d",
      "size": 0
    },
    {
      "localFile": "\\fonts\\conf.d\\20-fix-globaladvance.conf",
      "size": 943
    },
    {
      "localFile": "\\fonts\\conf.d\\20-lohit-gujarati.conf",
      "size": 301
    },
    {
      "localFile": "\\fonts\\conf.d\\20-unhint-small-vera.conf",
      "size": 1188
    },
    {
      "localFile": "\\fonts\\conf.d\\30-amt-aliases.conf",
      "size": 514
    },
    {
      "localFile": "\\fonts\\conf.d\\30-urw-aliases.conf",
      "size": 1484
    },
    {
      "localFile": "\\fonts\\conf.d\\40-generic.conf",
      "size": 1723
    },
    {
      "localFile": "\\fonts\\conf.d\\49-sansserif.conf",
      "size": 545
    },
    {
      "localFile": "\\fonts\\conf.d\\50-user.conf",
      "size": 269
    },
    {
      "localFile": "\\fonts\\conf.d\\51-local.conf",
      "size": 271
    },
    {
      "localFile": "\\fonts\\conf.d\\60-latin.conf",
      "size": 1064
    },
    {
      "localFile": "\\fonts\\conf.d\\65-fonts-persian.conf",
      "size": 12559
    },
    {
      "localFile": "\\fonts\\conf.d\\65-nonlatin.conf",
      "size": 954
    },
    {
      "localFile": "\\fonts\\conf.d\\69-unifont.conf",
      "size": 454
    },
    {
      "localFile": "\\fonts\\conf.d\\80-delicious.conf",
      "size": 433
    },
    {
      "localFile": "\\fonts\\conf.d\\90-synthetic.conf",
      "size": 1754
    },
    {
      "localFile": "\\fonts\\fonts.conf",
      "size": 5312
    },
    {
      "localFile": "\\fonts\\fonts.dtd",
      "size": 6907
    },
    {
      "localFile": "\\gtk-2.0",
      "size": 0
    },
    {
      "localFile": "\\gtk-2.0\\gdk-pixbuf.loaders",
      "size": 3171
    },
    {
      "localFile": "\\gtk-2.0\\gtk.immodules",
      "size": 1470
    },
    {
      "localFile": "\\gtk-2.0\\gtkrc",
      "size": 30
    },
    {
      "localFile": "\\include",
      "size": 0
    },
    {
      "localFile": "\\include\\graphviz",
      "size": 0
    },
    {
      "localFile": "\\include\\graphviz\\arith.h",
      "size": 2110
    },
    {
      "localFile": "\\include\\graphviz\\cdt.h",
      "size": 11278
    },
    {
      "localFile": "\\include\\graphviz\\cgraph.h",
      "size": 16980
    },
    {
      "localFile": "\\include\\graphviz\\color.h",
      "size": 1362
    },
    {
      "localFile": "\\include\\graphviz\\geom.h",
      "size": 3260
    },
    {
      "localFile": "\\include\\graphviz\\graph.h",
      "size": 6929
    },
    {
      "localFile": "\\include\\graphviz\\gvc.h",
      "size": 4031
    },
    {
      "localFile": "\\include\\graphviz\\gvcext.h",
      "size": 2623
    },
    {
      "localFile": "\\include\\graphviz\\gvcjob.h",
      "size": 13085
    },
    {
      "localFile": "\\include\\graphviz\\gvcommon.h",
      "size": 1148
    },
    {
      "localFile": "\\include\\graphviz\\gvconfig.h",
      "size": 1125
    },
    {
      "localFile": "\\include\\graphviz\\gvplugin.h",
      "size": 1849
    },
    {
      "localFile": "\\include\\graphviz\\gvplugin_device.h",
      "size": 944
    },
    {
      "localFile": "\\include\\graphviz\\gvplugin_layout.h",
      "size": 893
    },
    {
      "localFile": "\\include\\graphviz\\gvplugin_loadimage.h",
      "size": 1254
    },
    {
      "localFile": "\\include\\graphviz\\gvplugin_render.h",
      "size": 2244
    },
    {
      "localFile": "\\include\\graphviz\\gvplugin_textlayout.h",
      "size": 928
    },
    {
      "localFile": "\\include\\graphviz\\gvpr.h",
      "size": 1833
    },
    {
      "localFile": "\\include\\graphviz\\pack.h",
      "size": 3424
    },
    {
      "localFile": "\\include\\graphviz\\pathgeom.h",
      "size": 1239
    },
    {
      "localFile": "\\include\\graphviz\\pathplan.h",
      "size": 1559
    },
    {
      "localFile": "\\include\\graphviz\\textpara.h",
      "size": 1538
    },
    {
      "localFile": "\\include\\graphviz\\textspan.h",
      "size": 2010
    },
    {
      "localFile": "\\include\\graphviz\\types.h",
      "size": 20705
    },
    {
      "localFile": "\\include\\graphviz\\usershape.h",
      "size": 1675
    },
    {
      "localFile": "\\include\\graphviz\\xdot.h",
      "size": 4232
    },
    {
      "localFile": "\\lib",
      "size": 0
    },
    {
      "localFile": "\\lib\\debug",
      "size": 0
    },
    {
      "localFile": "\\lib\\debug\\dll",
      "size": 0
    },
    {
      "localFile": "\\lib\\debug\\dll\\ann.dll",
      "size": 712704
    },
    {
      "localFile": "\\lib\\debug\\dll\\cdt.dll",
      "size": 26112
    },
    {
      "localFile": "\\lib\\debug\\dll\\cgraph.dll",
      "size": 131072
    },
    {
      "localFile": "\\lib\\debug\\dll\\dummyfile.txt",
      "size": 0
    },
    {
      "localFile": "\\lib\\debug\\dll\\gvc.dll",
      "size": 807936
    },
    {
      "localFile": "\\lib\\debug\\dll\\gvplugin_core.dll",
      "size": 95744
    },
    {
      "localFile": "\\lib\\debug\\dll\\gvplugin_dot_layout.dll",
      "size": 212992
    },
    {
      "localFile": "\\lib\\debug\\dll\\gvplugin_gd.dll",
      "size": 262656
    },
    {
      "localFile": "\\lib\\debug\\dll\\gvplugin_gdiplus.dll",
      "size": 45568
    },
    {
      "localFile": "\\lib\\debug\\dll\\gvplugin_neato_layout.dll",
      "size": 754688
    },
    {
      "localFile": "\\lib\\debug\\dll\\gvplugin_pango.dll",
      "size": 31744
    },
    {
      "localFile": "\\lib\\debug\\dll\\Pathplan.dll",
      "size": 71680
    },
    {
      "localFile": "\\lib\\debug\\dll\\vmalloc.dll",
      "size": 42496
    },
    {
      "localFile": "\\lib\\debug\\lib",
      "size": 0
    },
    {
      "localFile": "\\lib\\debug\\lib\\ast.lib",
      "size": 243828
    },
    {
      "localFile": "\\lib\\debug\\lib\\cdt.lib",
      "size": 6264
    },
    {
      "localFile": "\\lib\\debug\\lib\\cgraph.lib",
      "size": 31356
    },
    {
      "localFile": "\\lib\\debug\\lib\\circogen.lib",
      "size": 223992
    },
    {
      "localFile": "\\lib\\debug\\lib\\dot.lib",
      "size": 1660
    },
    {
      "localFile": "\\lib\\debug\\lib\\dotgen.lib",
      "size": 544606
    },
    {
      "localFile": "\\lib\\debug\\lib\\dummyfile.txt",
      "size": 0
    },
    {
      "localFile": "\\lib\\debug\\lib\\expr.lib",
      "size": 625528
    },
    {
      "localFile": "\\lib\\debug\\lib\\fdpgen.lib",
      "size": 175260
    },
    {
      "localFile": "\\lib\\debug\\lib\\gd.lib",
      "size": 993812
    },
    {
      "localFile": "\\lib\\debug\\lib\\graph.lib",
      "size": 21650
    },
    {
      "localFile": "\\lib\\debug\\lib\\gts.lib",
      "size": 1935360
    },
    {
      "localFile": "\\lib\\debug\\lib\\gvc.lib",
      "size": 68102
    },
    {
      "localFile": "\\lib\\debug\\lib\\gvortho.lib",
      "size": 188296
    },
    {
      "localFile": "\\lib\\debug\\lib\\gvpack.lib",
      "size": 1698
    },
    {
      "localFile": "\\lib\\debug\\lib\\gvplugin_core.lib",
      "size": 1938
    },
    {
      "localFile": "\\lib\\debug\\lib\\gvplugin_dot_layout.lib",
      "size": 2274
    },
    {
      "localFile": "\\lib\\debug\\lib\\gvplugin_gd.lib",
      "size": 1826
    },
    {
      "localFile": "\\lib\\debug\\lib\\gvplugin_gdiplus.lib",
      "size": 2118
    },
    {
      "localFile": "\\lib\\debug\\lib\\gvplugin_neato_layout.lib",
      "size": 13168
    },
    {
      "localFile": "\\lib\\debug\\lib\\gvplugin_pango.lib",
      "size": 1892
    },
    {
      "localFile": "\\lib\\debug\\lib\\gvprlib.lib",
      "size": 453566
    },
    {
      "localFile": "\\lib\\debug\\lib\\ingraphs.lib",
      "size": 20256
    },
    {
      "localFile": "\\lib\\debug\\lib\\minglelib.lib",
      "size": 720050
    },
    {
      "localFile": "\\lib\\debug\\lib\\neatogen.lib",
      "size": 933090
    },
    {
      "localFile": "\\lib\\debug\\lib\\osage.lib",
      "size": 28554
    },
    {
      "localFile": "\\lib\\debug\\lib\\patchwork.lib",
      "size": 52620
    },
    {
      "localFile": "\\lib\\debug\\lib\\Pathplan.lib",
      "size": 6086
    },
    {
      "localFile": "\\lib\\debug\\lib\\rbtree.lib",
      "size": 60602
    },
    {
      "localFile": "\\lib\\debug\\lib\\sfdp.lib",
      "size": 255954
    },
    {
      "localFile": "\\lib\\debug\\lib\\sfio.lib",
      "size": 712218
    },
    {
      "localFile": "\\lib\\debug\\lib\\sparse.lib",
      "size": 881878
    },
    {
      "localFile": "\\lib\\debug\\lib\\topfish.lib",
      "size": 65090
    },
    {
      "localFile": "\\lib\\debug\\lib\\twopigen.lib",
      "size": 42786
    },
    {
      "localFile": "\\lib\\debug\\lib\\vmalloc.lib",
      "size": 5310
    },
    {
      "localFile": "\\lib\\debug\\lib\\vpsc.lib",
      "size": 2121700
    },
    {
      "localFile": "\\lib\\debug\\lib\\xdot.lib",
      "size": 65602
    },
    {
      "localFile": "\\lib\\lefty",
      "size": 0
    },
    {
      "localFile": "\\lib\\lefty\\box.lefty",
      "size": 3613
    },
    {
      "localFile": "\\lib\\lefty\\def.lefty",
      "size": 459
    },
    {
      "localFile": "\\lib\\lefty\\dotty.lefty",
      "size": 22602
    },
    {
      "localFile": "\\lib\\lefty\\dotty_draw.lefty",
      "size": 19946
    },
    {
      "localFile": "\\lib\\lefty\\dotty_edit.lefty",
      "size": 18046
    },
    {
      "localFile": "\\lib\\lefty\\dotty_layout.lefty",
      "size": 14424
    },
    {
      "localFile": "\\lib\\lefty\\dotty_ui.lefty",
      "size": 14216
    },
    {
      "localFile": "\\lib\\lefty\\fractal.lefty",
      "size": 2716
    },
    {
      "localFile": "\\lib\\lefty\\fractal2.lefty",
      "size": 5751
    },
    {
      "localFile": "\\lib\\lefty\\lefty.psp",
      "size": 2423
    },
    {
      "localFile": "\\lib\\lefty\\slides.lefty",
      "size": 3198
    },
    {
      "localFile": "\\lib\\lefty\\tree.lefty",
      "size": 5014
    },
    {
      "localFile": "\\lib\\pango",
      "size": 0
    },
    {
      "localFile": "\\lib\\pango\\1.6.0",
      "size": 0
    },
    {
      "localFile": "\\lib\\pango\\1.6.0\\modules",
      "size": 0
    },
    {
      "localFile": "\\lib\\pango\\1.6.0\\modules\\pango-arabic-fc.dll",
      "size": 12288
    },
    {
      "localFile": "\\lib\\pango\\1.6.0\\modules\\pango-arabic-lang.dll",
      "size": 6656
    },
    {
      "localFile": "\\lib\\pango\\1.6.0\\modules\\pango-basic-fc.dll",
      "size": 10240
    },
    {
      "localFile": "\\lib\\pango\\1.6.0\\modules\\pango-basic-win32.dll",
      "size": 16384
    },
    {
      "localFile": "\\lib\\pango\\1.6.0\\modules\\pango-hangul-fc.dll",
      "size": 14336
    },
    {
      "localFile": "\\lib\\pango\\1.6.0\\modules\\pango-hebrew-fc.dll",
      "size": 13312
    },
    {
      "localFile": "\\lib\\pango\\1.6.0\\modules\\pango-indic-fc.dll",
      "size": 26624
    },
    {
      "localFile": "\\lib\\pango\\1.6.0\\modules\\pango-indic-lang.dll",
      "size": 7680
    },
    {
      "localFile": "\\lib\\pango\\1.6.0\\modules\\pango-khmer-fc.dll",
      "size": 11776
    },
    {
      "localFile": "\\lib\\pango\\1.6.0\\modules\\pango-syriac-fc.dll",
      "size": 12288
    },
    {
      "localFile": "\\lib\\pango\\1.6.0\\modules\\pango-thai-fc.dll",
      "size": 19456
    },
    {
      "localFile": "\\lib\\pango\\1.6.0\\modules\\pango-tibetan-fc.dll",
      "size": 11264
    },
    {
      "localFile": "\\lib\\pkgconfig",
      "size": 0
    },
    {
      "localFile": "\\lib\\pkgconfig\\libcdt.pc",
      "size": 242
    },
    {
      "localFile": "\\lib\\pkgconfig\\libcgraph.pc",
      "size": 343
    },
    {
      "localFile": "\\lib\\pkgconfig\\libgraph.pc",
      "size": 341
    },
    {
      "localFile": "\\lib\\pkgconfig\\libgvc.pc",
      "size": 269
    },
    {
      "localFile": "\\lib\\pkgconfig\\libpathplan.pc",
      "size": 297
    },
    {
      "localFile": "\\lib\\release",
      "size": 0
    },
    {
      "localFile": "\\lib\\release\\dll",
      "size": 0
    },
    {
      "localFile": "\\lib\\release\\dll\\ann.dll",
      "size": 196608
    },
    {
      "localFile": "\\lib\\release\\dll\\cdt.dll",
      "size": 26112
    },
    {
      "localFile": "\\lib\\release\\dll\\cgraph.dll",
      "size": 70656
    },
    {
      "localFile": "\\lib\\release\\dll\\dummyfile.txt",
      "size": 0
    },
    {
      "localFile": "\\lib\\release\\dll\\gvc.dll",
      "size": 544256
    },
    {
      "localFile": "\\lib\\release\\dll\\gvplugin_core.dll",
      "size": 95744
    },
    {
      "localFile": "\\lib\\release\\dll\\gvplugin_dot_layout.dll",
      "size": 212992
    },
    {
      "localFile": "\\lib\\release\\dll\\gvplugin_gd.dll",
      "size": 262656
    },
    {
      "localFile": "\\lib\\release\\dll\\gvplugin_gdiplus.dll",
      "size": 45568
    },
    {
      "localFile": "\\lib\\release\\dll\\gvplugin_neato_layout.dll",
      "size": 754688
    },
    {
      "localFile": "\\lib\\release\\dll\\gvplugin_pango.dll",
      "size": 31744
    },
    {
      "localFile": "\\lib\\release\\dll\\Pathplan.dll",
      "size": 34816
    },
    {
      "localFile": "\\lib\\release\\dll\\vmalloc.dll",
      "size": 42496
    },
    {
      "localFile": "\\lib\\release\\lib",
      "size": 0
    },
    {
      "localFile": "\\lib\\release\\lib\\ast.lib",
      "size": 243828
    },
    {
      "localFile": "\\lib\\release\\lib\\cdt.lib",
      "size": 6264
    },
    {
      "localFile": "\\lib\\release\\lib\\cgraph.lib",
      "size": 31356
    },
    {
      "localFile": "\\lib\\release\\lib\\circogen.lib",
      "size": 174596
    },
    {
      "localFile": "\\lib\\release\\lib\\dot.lib",
      "size": 1660
    },
    {
      "localFile": "\\lib\\release\\lib\\dotgen.lib",
      "size": 544606
    },
    {
      "localFile": "\\lib\\release\\lib\\dummyfile.txt",
      "size": 0
    },
    {
      "localFile": "\\lib\\release\\lib\\expr.lib",
      "size": 437686
    },
    {
      "localFile": "\\lib\\release\\lib\\fdpgen.lib",
      "size": 175260
    },
    {
      "localFile": "\\lib\\release\\lib\\gd.lib",
      "size": 993812
    },
    {
      "localFile": "\\lib\\release\\lib\\graph.lib",
      "size": 21650
    },
    {
      "localFile": "\\lib\\release\\lib\\gts.lib",
      "size": 1356374
    },
    {
      "localFile": "\\lib\\release\\lib\\gvc.lib",
      "size": 68102
    },
    {
      "localFile": "\\lib\\release\\lib\\gvortho.lib",
      "size": 188296
    },
    {
      "localFile": "\\lib\\release\\lib\\gvpack.lib",
      "size": 1698
    },
    {
      "localFile": "\\lib\\release\\lib\\gvplugin_core.lib",
      "size": 1938
    },
    {
      "localFile": "\\lib\\release\\lib\\gvplugin_dot_layout.lib",
      "size": 2274
    },
    {
      "localFile": "\\lib\\release\\lib\\gvplugin_gd.lib",
      "size": 1826
    },
    {
      "localFile": "\\lib\\release\\lib\\gvplugin_gdiplus.lib",
      "size": 2118
    },
    {
      "localFile": "\\lib\\release\\lib\\gvplugin_neato_layout.lib",
      "size": 13168
    },
    {
      "localFile": "\\lib\\release\\lib\\gvplugin_pango.lib",
      "size": 1892
    },
    {
      "localFile": "\\lib\\release\\lib\\gvprlib.lib",
      "size": 453566
    },
    {
      "localFile": "\\lib\\release\\lib\\ingraphs.lib",
      "size": 14682
    },
    {
      "localFile": "\\lib\\release\\lib\\minglelib.lib",
      "size": 720050
    },
    {
      "localFile": "\\lib\\release\\lib\\neatogen.lib",
      "size": 933090
    },
    {
      "localFile": "\\lib\\release\\lib\\osage.lib",
      "size": 28554
    },
    {
      "localFile": "\\lib\\release\\lib\\patchwork.lib",
      "size": 52620
    },
    {
      "localFile": "\\lib\\release\\lib\\Pathplan.lib",
      "size": 6086
    },
    {
      "localFile": "\\lib\\release\\lib\\rbtree.lib",
      "size": 40442
    },
    {
      "localFile": "\\lib\\release\\lib\\sfdp.lib",
      "size": 255954
    },
    {
      "localFile": "\\lib\\release\\lib\\sfio.lib",
      "size": 712218
    },
    {
      "localFile": "\\lib\\release\\lib\\sparse.lib",
      "size": 520634
    },
    {
      "localFile": "\\lib\\release\\lib\\topfish.lib",
      "size": 65090
    },
    {
      "localFile": "\\lib\\release\\lib\\twopigen.lib",
      "size": 42786
    },
    {
      "localFile": "\\lib\\release\\lib\\vmalloc.lib",
      "size": 5310
    },
    {
      "localFile": "\\lib\\release\\lib\\vpsc.lib",
      "size": 2121700
    },
    {
      "localFile": "\\lib\\release\\lib\\xdot.lib",
      "size": 65602
    },
    {
      "localFile": "\\pango",
      "size": 0
    },
    {
      "localFile": "\\pango\\pango.aliases",
      "size": 356
    },
    {
      "localFile": "\\pango\\pango.modules",
      "size": 3941
    },
    {
      "localFile": "\\share",
      "size": 0
    },
    {
      "localFile": "\\share\\fonts",
      "size": 0
    },
    {
      "localFile": "\\share\\fonts\\FreeSans.ttf",
      "size": 22931
    },
    {
      "localFile": "\\share\\graphviz",
      "size": 0
    },
    {
      "localFile": "\\share\\graphviz\\doc",
      "size": 0
    },
    {
      "localFile": "\\share\\graphviz\\doc\\addingLayout.txt",
      "size": 9527
    },
    {
      "localFile": "\\share\\graphviz\\doc\\AUTHORS",
      "size": 704
    },
    {
      "localFile": "\\share\\graphviz\\doc\\ChangeLog",
      "size": 39493
    },
    {
      "localFile": "\\share\\graphviz\\doc\\COPYING",
      "size": 11613
    },
    {
      "localFile": "\\share\\graphviz\\doc\\cpl1.0.txt",
      "size": 11613
    },
    {
      "localFile": "\\share\\graphviz\\doc\\Dot.ref",
      "size": 38008
    },
    {
      "localFile": "\\share\\graphviz\\doc\\fontfaq.txt",
      "size": 14600
    },
    {
      "localFile": "\\share\\graphviz\\doc\\html",
      "size": 0
    },
    {
      "localFile": "\\share\\graphviz\\doc\\html\\build.html",
      "size": 13199
    },
    {
      "localFile": "\\share\\graphviz\\doc\\html\\char.html",
      "size": 191
    },
    {
      "localFile": "\\share\\graphviz\\doc\\html\\FAQ.html",
      "size": 41914
    },
    {
      "localFile": "\\share\\graphviz\\doc\\html\\gd.html",
      "size": 250352
    },
    {
      "localFile": "\\share\\graphviz\\doc\\html\\Gdtclft2.2.5.example.png",
      "size": 56444
    },
    {
      "localFile": "\\share\\graphviz\\doc\\html\\GVedit.html",
      "size": 13656
    },
    {
      "localFile": "\\share\\graphviz\\doc\\html\\index.html",
      "size": 2387
    },
    {
      "localFile": "\\share\\graphviz\\doc\\html\\info",
      "size": 0
    },
    {
      "localFile": "\\share\\graphviz\\doc\\html\\info\\aa_box.gif",
      "size": 181
    },
    {
      "localFile": "\\share\\graphviz\\doc\\html\\info\\aa_crow.gif",
      "size": 270
    },
    {
      "localFile": "\\share\\graphviz\\doc\\html\\info\\aa_diamond.gif",
      "size": 197
    },
    {
      "localFile": "\\share\\graphviz\\doc\\html\\info\\aa_dot.gif",
      "size": 247
    },
    {
      "localFile": "\\share\\graphviz\\doc\\html\\info\\aa_inv.gif",
      "size": 254
    },
    {
      "localFile": "\\share\\graphviz\\doc\\html\\info\\aa_lbox.gif",
      "size": 168
    },
    {
      "localFile": "\\share\\graphviz\\doc\\html\\info\\aa_lcrow.gif",
      "size": 249
    },
    {
      "localFile": "\\share\\graphviz\\doc\\html\\info\\aa_ldiamond.gif",
      "size": 239
    },
    {
      "localFile": "\\share\\graphviz\\doc\\html\\info\\aa_linv.gif",
      "size": 239
    },
    {
      "localFile": "\\share\\graphviz\\doc\\html\\info\\aa_lnormal.gif",
      "size": 238
    },
    {
      "localFile": "\\share\\graphviz\\doc\\html\\info\\aa_ltee.gif",
      "size": 164
    },
    {
      "localFile": "\\share\\graphviz\\doc\\html\\info\\aa_lvee.gif",
      "size": 248
    },
    {
      "localFile": "\\share\\graphviz\\doc\\html\\info\\aa_none.gif",
      "size": 147
    },
    {
      "localFile": "\\share\\graphviz\\doc\\html\\info\\aa_normal.gif",
      "size": 251
    },
    {
      "localFile": "\\share\\graphviz\\doc\\html\\info\\aa_obox.gif",
      "size": 188
    },
    {
      "localFile": "\\share\\graphviz\\doc\\html\\info\\aa_odiamond.gif",
      "size": 199
    },
    {
      "localFile": "\\share\\graphviz\\doc\\html\\info\\aa_odot.gif",
      "size": 262
    },
    {
      "localFile": "\\share\\graphviz\\doc\\html\\info\\aa_oinv.gif",
      "size": 371
    },
    {
      "localFile": "\\share\\graphviz\\doc\\html\\info\\aa_olbox.gif",
      "size": 174
    },
    {
      "localFile": "\\share\\graphviz\\doc\\html\\info\\aa_oldiamond.gif",
      "size": 242
    },
    {
      "localFile": "\\share\\graphviz\\doc\\html\\info\\aa_olinv.gif",
      "size": 351
    },
    {
      "localFile": "\\share\\graphviz\\doc\\html\\info\\aa_olnormal.gif",
      "size": 351
    },
    {
      "localFile": "\\share\\graphviz\\doc\\html\\info\\aa_onormal.gif",
      "size": 367
    },
    {
      "localFile": "\\share\\graphviz\\doc\\html\\info\\aa_orbox.gif",
      "size": 174
    },
    {
      "localFile": "\\share\\graphviz\\doc\\html\\info\\aa_ordiamond.gif",
      "size": 238
    },
    {
      "localFile": "\\share\\graphviz\\doc\\html\\info\\aa_orinv.gif",
      "size": 350
    },
    {
      "localFile": "\\share\\graphviz\\doc\\html\\info\\aa_ornormal.gif",
      "size": 352
    },
    {
      "localFile": "\\share\\graphviz\\doc\\html\\info\\aa_rbox.gif",
      "size": 170
    },
    {
      "localFile": "\\share\\graphviz\\doc\\html\\info\\aa_rcrow.gif",
      "size": 245
    },
    {
      "localFile": "\\share\\graphviz\\doc\\html\\info\\aa_rdiamond.gif",
      "size": 236
    },
    {
      "localFile": "\\share\\graphviz\\doc\\html\\info\\aa_rinv.gif",
      "size": 238
    },
    {
      "localFile": "\\share\\graphviz\\doc\\html\\info\\aa_rnormal.gif",
      "size": 238
    },
    {
      "localFile": "\\share\\graphviz\\doc\\html\\info\\aa_rtee.gif",
      "size": 162
    },
    {
      "localFile": "\\share\\graphviz\\doc\\html\\info\\aa_rvee.gif",
      "size": 245
    },
    {
      "localFile": "\\share\\graphviz\\doc\\html\\info\\aa_tee.gif",
      "size": 171
    },
    {
      "localFile": "\\share\\graphviz\\doc\\html\\info\\aa_vee.gif",
      "size": 267
    },
    {
      "localFile": "\\share\\graphviz\\doc\\html\\info\\arrows.html",
      "size": 6505
    },
    {
      "localFile": "\\share\\graphviz\\doc\\html\\info\\attrs.html",
      "size": 109493
    },
    {
      "localFile": "\\share\\graphviz\\doc\\html\\info\\a_box.gif",
      "size": 987
    },
    {
      "localFile": "\\share\\graphviz\\doc\\html\\info\\a_crow.gif",
      "size": 1031
    },
    {
      "localFile": "\\share\\graphviz\\doc\\html\\info\\a_diamond.gif",
      "size": 1012
    },
    {
      "localFile": "\\share\\graphviz\\doc\\html\\info\\a_dot.gif",
      "size": 1008
    },
    {
      "localFile": "\\share\\graphviz\\doc\\html\\info\\a_ediamond.gif",
      "size": 1021
    },
    {
      "localFile": "\\share\\graphviz\\doc\\html\\info\\a_empty.gif",
      "size": 1044
    },
    {
      "localFile": "\\share\\graphviz\\doc\\html\\info\\a_forward.gif",
      "size": 936
    },
    {
      "localFile": "\\share\\graphviz\\doc\\html\\info\\a_halfopen.gif",
      "size": 1002
    },
    {
      "localFile": "\\share\\graphviz\\doc\\html\\info\\a_inv.gif",
      "size": 998
    },
    {
      "localFile": "\\share\\graphviz\\doc\\html\\info\\a_invdot.gif",
      "size": 1072
    },
    {
      "localFile": "\\share\\graphviz\\doc\\html\\info\\a_invempty.gif",
      "size": 1026
    },
    {
      "localFile": "\\share\\graphviz\\doc\\html\\info\\a_invodot.gif",
      "size": 1091
    },
    {
      "localFile": "\\share\\graphviz\\doc\\html\\info\\a_lteeoldiamond.gif",
      "size": 1011
    },
    {
      "localFile": "\\share\\graphviz\\doc\\html\\info\\a_nohead.gif",
      "size": 936
    },
    {
      "localFile": "\\share\\graphviz\\doc\\html\\info\\a_none.gif",
      "size": 953
    },
    {
      "localFile": "\\share\\graphviz\\doc\\html\\info\\a_normal.gif",
      "size": 1022
    },
    {
      "localFile": "\\share\\graphviz\\doc\\html\\info\\a_obox.gif",
      "size": 998
    },
    {
      "localFile": "\\share\\graphviz\\doc\\html\\info\\a_odiamond.gif",
      "size": 1021
    },
    {
      "localFile": "\\share\\graphviz\\doc\\html\\info\\a_odot.gif",
      "size": 1037
    },
    {
      "localFile": "\\share\\graphviz\\doc\\html\\info\\a_open.gif",
      "size": 1052
    },
    {
      "localFile": "\\share\\graphviz\\doc\\html\\info\\a_tee.gif",
      "size": 982
    },
    {
      "localFile": "\\share\\graphviz\\doc\\html\\info\\back.gif",
      "size": 1544
    },
    {
      "localFile": "\\share\\graphviz\\doc\\html\\info\\both.gif",
      "size": 1611
    },
    {
      "localFile": "\\share\\graphviz\\doc\\html\\info\\box.gif",
      "size": 338
    },
    {
      "localFile": "\\share\\graphviz\\doc\\html\\info\\box3d.gif",
      "size": 619
    },
    {
      "localFile": "\\share\\graphviz\\doc\\html\\info\\circle.gif",
      "size": 775
    },
    {
      "localFile": "\\share\\graphviz\\doc\\html\\info\\colorlist.gif",
      "size": 698
    },
    {
      "localFile": "\\share\\graphviz\\doc\\html\\info\\colors.html",
      "size": 212572
    },
    {
      "localFile": "\\share\\graphviz\\doc\\html\\info\\command.html",
      "size": 8356
    },
    {
      "localFile": "\\share\\graphviz\\doc\\html\\info\\component.gif",
      "size": 616
    },
    {
      "localFile": "\\share\\graphviz\\doc\\html\\info\\constraint.gif",
      "size": 1004
    },
    {
      "localFile": "\\share\\graphviz\\doc\\html\\info\\diamond.gif",
      "size": 912
    },
    {
      "localFile": "\\share\\graphviz\\doc\\html\\info\\doublecircle.gif",
      "size": 1364
    },
    {
      "localFile": "\\share\\graphviz\\doc\\html\\info\\doubleoctagon.gif",
      "size": 1189
    },
    {
      "localFile": "\\share\\graphviz\\doc\\html\\info\\egg.gif",
      "size": 908
    },
    {
      "localFile": "\\share\\graphviz\\doc\\html\\info\\ellipse.gif",
      "size": 898
    },
    {
      "localFile": "\\share\\graphviz\\doc\\html\\info\\fill.gif",
      "size": 1615
    },
    {
      "localFile": "\\share\\graphviz\\doc\\html\\info\\folder.gif",
      "size": 574
    },
    {
      "localFile": "\\share\\graphviz\\doc\\html\\info\\forward.gif",
      "size": 1540
    },
    {
      "localFile": "\\share\\graphviz\\doc\\html\\info\\grammar.html",
      "size": 1571
    },
    {
      "localFile": "\\share\\graphviz\\doc\\html\\info\\hexagon.gif",
      "size": 817
    },
    {
      "localFile": "\\share\\graphviz\\doc\\html\\info\\house.gif",
      "size": 725
    },
    {
      "localFile": "\\share\\graphviz\\doc\\html\\info\\html1.gif",
      "size": 2983
    },
    {
      "localFile": "\\share\\graphviz\\doc\\html\\info\\html2.dot",
      "size": 1163
    },
    {
      "localFile": "\\share\\graphviz\\doc\\html\\info\\html2.gif",
      "size": 8968
    },
    {
      "localFile": "\\share\\graphviz\\doc\\html\\info\\html3.dot",
      "size": 574
    },
    {
      "localFile": "\\share\\graphviz\\doc\\html\\info\\html3.gif",
      "size": 3109
    },
    {
      "localFile": "\\share\\graphviz\\doc\\html\\info\\html4.dot",
      "size": 166
    },
    {
      "localFile": "\\share\\graphviz\\doc\\html\\info\\html4.gif",
      "size": 1840
    },
    {
      "localFile": "\\share\\graphviz\\doc\\html\\info\\index.html",
      "size": 472
    },
    {
      "localFile": "\\share\\graphviz\\doc\\html\\info\\invhouse.gif",
      "size": 719
    },
    {
      "localFile": "\\share\\graphviz\\doc\\html\\info\\invtrapezium.gif",
      "size": 852
    },
    {
      "localFile": "\\share\\graphviz\\doc\\html\\info\\invtriangle.gif",
      "size": 506
    },
    {
      "localFile": "\\share\\graphviz\\doc\\html\\info\\lang.html",
      "size": 8695
    },
    {
      "localFile": "\\share\\graphviz\\doc\\html\\info\\Mcircle.gif",
      "size": 795
    },
    {
      "localFile": "\\share\\graphviz\\doc\\html\\info\\Mdiamond.gif",
      "size": 1009
    },
    {
      "localFile": "\\share\\graphviz\\doc\\html\\info\\mrecord.gif",
      "size": 962
    },
    {
      "localFile": "\\share\\graphviz\\doc\\html\\info\\Msquare.gif",
      "size": 502
    },
    {
      "localFile": "\\share\\graphviz\\doc\\html\\info\\nohead.gif",
      "size": 1474
    },
    {
      "localFile": "\\share\\graphviz\\doc\\html\\info\\none.gif",
      "size": 550
    },
    {
      "localFile": "\\share\\graphviz\\doc\\html\\info\\note.gif",
      "size": 557
    },
    {
      "localFile": "\\share\\graphviz\\doc\\html\\info\\octagon.gif",
      "size": 712
    },
    {
      "localFile": "\\share\\graphviz\\doc\\html\\info\\output.html",
      "size": 26734
    },
    {
      "localFile": "\\share\\graphviz\\doc\\html\\info\\parallelogram.gif",
      "size": 795
    },
    {
      "localFile": "\\share\\graphviz\\doc\\html\\info\\pentagon.gif",
      "size": 847
    },
    {
      "localFile": "\\share\\graphviz\\doc\\html\\info\\plaintext.gif",
      "size": 807
    },
    {
      "localFile": "\\share\\graphviz\\doc\\html\\info\\plugins.png",
      "size": 980001
    },
    {
      "localFile": "\\share\\graphviz\\doc\\html\\info\\point.gif",
      "size": 197
    },
    {
      "localFile": "\\share\\graphviz\\doc\\html\\info\\polygon.gif",
      "size": 865
    },
    {
      "localFile": "\\share\\graphviz\\doc\\html\\info\\record.gif",
      "size": 3197
    },
    {
      "localFile": "\\share\\graphviz\\doc\\html\\info\\record2.gif",
      "size": 5181
    },
    {
      "localFile": "\\share\\graphviz\\doc\\html\\info\\rect.gif",
      "size": 338
    },
    {
      "localFile": "\\share\\graphviz\\doc\\html\\info\\rectangle.gif",
      "size": 338
    },
    {
      "localFile": "\\share\\graphviz\\doc\\html\\info\\round.gif",
      "size": 1751
    },
    {
      "localFile": "\\share\\graphviz\\doc\\html\\info\\sdlshapes.png",
      "size": 34180
    },
    {
      "localFile": "\\share\\graphviz\\doc\\html\\info\\septagon.gif",
      "size": 865
    },
    {
      "localFile": "\\share\\graphviz\\doc\\html\\info\\shapes.html",
      "size": 29187
    },
    {
      "localFile": "\\share\\graphviz\\doc\\html\\info\\tab.gif",
      "size": 565
    },
    {
      "localFile": "\\share\\graphviz\\doc\\html\\info\\Thumbs.db",
      "size": 215040
    },
    {
      "localFile": "\\share\\graphviz\\doc\\html\\info\\trapezium.gif",
      "size": 860
    },
    {
      "localFile": "\\share\\graphviz\\doc\\html\\info\\triangle.gif",
      "size": 508
    },
    {
      "localFile": "\\share\\graphviz\\doc\\html\\info\\tripleoctagon.gif",
      "size": 1635
    },
    {
      "localFile": "\\share\\graphviz\\doc\\html\\pspdf.png",
      "size": 4592
    },
    {
      "localFile": "\\share\\graphviz\\doc\\html\\schema",
      "size": 0
    },
    {
      "localFile": "\\share\\graphviz\\doc\\html\\schema\\arguments.xml",
      "size": 1367
    },
    {
      "localFile": "\\share\\graphviz\\doc\\html\\schema\\attributes.xml",
      "size": 98434
    },
    {
      "localFile": "\\share\\graphviz\\doc\\html\\schema\\attributes.xslt",
      "size": 13228
    },
    {
      "localFile": "\\share\\graphviz\\doc\\html\\todo.html",
      "size": 4032
    },
    {
      "localFile": "\\share\\graphviz\\doc\\html\\winbuild.html",
      "size": 11619
    },
    {
      "localFile": "\\share\\graphviz\\doc\\latex_suggestions.txt",
      "size": 3229
    },
    {
      "localFile": "\\share\\graphviz\\doc\\NEWS",
      "size": 54
    },
    {
      "localFile": "\\share\\graphviz\\doc\\pdf",
      "size": 0
    },
    {
      "localFile": "\\share\\graphviz\\doc\\pdf\\acyclic.1.pdf",
      "size": 4567
    },
    {
      "localFile": "\\share\\graphviz\\doc\\pdf\\bcomps.1.pdf",
      "size": 5059
    },
    {
      "localFile": "\\share\\graphviz\\doc\\pdf\\ccomps.1.pdf",
      "size": 6631
    },
    {
      "localFile": "\\share\\graphviz\\doc\\pdf\\cdt.3.pdf",
      "size": 20248
    },
    {
      "localFile": "\\share\\graphviz\\doc\\pdf\\cgraph.3.pdf",
      "size": 24296
    },
    {
      "localFile": "\\share\\graphviz\\doc\\pdf\\circo.1.pdf",
      "size": 30483
    },
    {
      "localFile": "\\share\\graphviz\\doc\\pdf\\dijkstra.1.pdf",
      "size": 4599
    },
    {
      "localFile": "\\share\\graphviz\\doc\\pdf\\dot.1.pdf",
      "size": 30483
    },
    {
      "localFile": "\\share\\graphviz\\doc\\pdf\\dotguide.pdf",
      "size": 323844
    },
    {
      "localFile": "\\share\\graphviz\\doc\\pdf\\dotty.1.pdf",
      "size": 4111
    },
    {
      "localFile": "\\share\\graphviz\\doc\\pdf\\dottyguide.pdf",
      "size": 323578
    },
    {
      "localFile": "\\share\\graphviz\\doc\\pdf\\fdp.1.pdf",
      "size": 30483
    },
    {
      "localFile": "\\share\\graphviz\\doc\\pdf\\gc.1.pdf",
      "size": 4339
    },
    {
      "localFile": "\\share\\graphviz\\doc\\pdf\\graph.3.pdf",
      "size": 12388
    },
    {
      "localFile": "\\share\\graphviz\\doc\\pdf\\gv2gxl.1.pdf",
      "size": 5210
    },
    {
      "localFile": "\\share\\graphviz\\doc\\pdf\\gvc.3.pdf",
      "size": 4751
    },
    {
      "localFile": "\\share\\graphviz\\doc\\pdf\\gvcolor.1.pdf",
      "size": 5236
    },
    {
      "localFile": "\\share\\graphviz\\doc\\pdf\\gvgen.1.pdf",
      "size": 5215
    },
    {
      "localFile": "\\share\\graphviz\\doc\\pdf\\gvpack.1.pdf",
      "size": 6146
    },
    {
      "localFile": "\\share\\graphviz\\doc\\pdf\\gvpr.1.pdf",
      "size": 39899
    },
    {
      "localFile": "\\share\\graphviz\\doc\\pdf\\gxl2gv.1.pdf",
      "size": 5210
    },
    {
      "localFile": "\\share\\graphviz\\doc\\pdf\\lefty.1.pdf",
      "size": 6298
    },
    {
      "localFile": "\\share\\graphviz\\doc\\pdf\\leftyguide.pdf",
      "size": 316781
    },
    {
      "localFile": "\\share\\graphviz\\doc\\pdf\\libguide.pdf",
      "size": 247767
    },
    {
      "localFile": "\\share\\graphviz\\doc\\pdf\\lneato.1.pdf",
      "size": 4123
    },
    {
      "localFile": "\\share\\graphviz\\doc\\pdf\\mm2gv.1.pdf",
      "size": 4278
    },
    {
      "localFile": "\\share\\graphviz\\doc\\pdf\\neato.1.pdf",
      "size": 30483
    },
    {
      "localFile": "\\share\\graphviz\\doc\\pdf\\neatoguide.pdf",
      "size": 113744
    },
    {
      "localFile": "\\share\\graphviz\\doc\\pdf\\nop.1.pdf",
      "size": 3891
    },
    {
      "localFile": "\\share\\graphviz\\doc\\pdf\\osage.1.pdf",
      "size": 21683
    },
    {
      "localFile": "\\share\\graphviz\\doc\\pdf\\pathplan.3.pdf",
      "size": 5395
    },
    {
      "localFile": "\\share\\graphviz\\doc\\pdf\\prune.pdf",
      "size": 5737
    },
    {
      "localFile": "\\share\\graphviz\\doc\\pdf\\sccmap.1.pdf",
      "size": 4349
    },
    {
      "localFile": "\\share\\graphviz\\doc\\pdf\\tred.1.pdf",
      "size": 4195
    },
    {
      "localFile": "\\share\\graphviz\\doc\\pdf\\twopi.1.pdf",
      "size": 30483
    },
    {
      "localFile": "\\share\\graphviz\\doc\\pdf\\unflatten.1.pdf",
      "size": 4592
    },
    {
      "localFile": "\\share\\graphviz\\doc\\pdf\\xdot.3.pdf",
      "size": 10326
    },
    {
      "localFile": "\\share\\graphviz\\examples",
      "size": 0
    },
    {
      "localFile": "\\share\\graphviz\\examples\\4elt.gv",
      "size": 1312216
    },
    {
      "localFile": "\\share\\graphviz\\examples\\world.gv",
      "size": 16622644
    },
    {
      "localFile": "\\share\\graphviz\\graphs",
      "size": 0
    },
    {
      "localFile": "\\share\\graphviz\\graphs\\directed",
      "size": 0
    },
    {
      "localFile": "\\share\\graphviz\\graphs\\directed\\abstract.gv",
      "size": 770
    },
    {
      "localFile": "\\share\\graphviz\\graphs\\directed\\alf.gv",
      "size": 958
    },
    {
      "localFile": "\\share\\graphviz\\graphs\\directed\\arrows.gif",
      "size": 32235
    },
    {
      "localFile": "\\share\\graphviz\\graphs\\directed\\arrows.gv",
      "size": 4045
    },
    {
      "localFile": "\\share\\graphviz\\graphs\\directed\\awilliams.gif",
      "size": 241750
    },
    {
      "localFile": "\\share\\graphviz\\graphs\\directed\\awilliams.gv",
      "size": 7305
    },
    {
      "localFile": "\\share\\graphviz\\graphs\\directed\\clust.gv",
      "size": 255
    },
    {
      "localFile": "\\share\\graphviz\\graphs\\directed\\clust1.gv",
      "size": 146
    },
    {
      "localFile": "\\share\\graphviz\\graphs\\directed\\clust2.gv",
      "size": 146
    },
    {
      "localFile": "\\share\\graphviz\\graphs\\directed\\clust3.gif",
      "size": 12157
    },
    {
      "localFile": "\\share\\graphviz\\graphs\\directed\\clust3.gv",
      "size": 146
    },
    {
      "localFile": "\\share\\graphviz\\graphs\\directed\\clust4.gv",
      "size": 401
    },
    {
      "localFile": "\\share\\graphviz\\graphs\\directed\\clust5.gv",
      "size": 238
    },
    {
      "localFile": "\\share\\graphviz\\graphs\\directed\\crazy.gv",
      "size": 5572
    },
    {
      "localFile": "\\share\\graphviz\\graphs\\directed\\ctext.gv",
      "size": 425
    },
    {
      "localFile": "\\share\\graphviz\\graphs\\directed\\dfa.gv",
      "size": 959
    },
    {
      "localFile": "\\share\\graphviz\\graphs\\directed\\fig6.gv",
      "size": 835
    },
    {
      "localFile": "\\share\\graphviz\\graphs\\directed\\fsm.gv",
      "size": 605
    },
    {
      "localFile": "\\share\\graphviz\\graphs\\directed\\grammar.gv",
      "size": 1302
    },
    {
      "localFile": "\\share\\graphviz\\graphs\\directed\\hashtable.gv",
      "size": 629
    },
    {
      "localFile": "\\share\\graphviz\\graphs\\directed\\honda-tokoro.gv",
      "size": 3090
    },
    {
      "localFile": "\\share\\graphviz\\graphs\\directed\\jcctree.gif",
      "size": 8739
    },
    {
      "localFile": "\\share\\graphviz\\graphs\\directed\\jcctree.gv",
      "size": 778
    },
    {
      "localFile": "\\share\\graphviz\\graphs\\directed\\jsort.gif",
      "size": 18696
    },
    {
      "localFile": "\\share\\graphviz\\graphs\\directed\\jsort.gv",
      "size": 6189
    },
    {
      "localFile": "\\share\\graphviz\\graphs\\directed\\KW91.gv",
      "size": 416
    },
    {
      "localFile": "\\share\\graphviz\\graphs\\directed\\Latin1.gv",
      "size": 99
    },
    {
      "localFile": "\\share\\graphviz\\graphs\\directed\\ldbxtried.gv",
      "size": 5155
    },
    {
      "localFile": "\\share\\graphviz\\graphs\\directed\\longflat.gv",
      "size": 86
    },
    {
      "localFile": "\\share\\graphviz\\graphs\\directed\\mike.gv",
      "size": 381
    },
    {
      "localFile": "\\share\\graphviz\\graphs\\directed\\NaN.gv",
      "size": 2672
    },
    {
      "localFile": "\\share\\graphviz\\graphs\\directed\\nhg.gv",
      "size": 339
    },
    {
      "localFile": "\\share\\graphviz\\graphs\\directed\\oldarrows.gif",
      "size": 48217
    },
    {
      "localFile": "\\share\\graphviz\\graphs\\directed\\oldarrows.gv",
      "size": 2117
    },
    {
      "localFile": "\\share\\graphviz\\graphs\\directed\\pgram.gv",
      "size": 2614
    },
    {
      "localFile": "\\share\\graphviz\\graphs\\directed\\pm2way.gv",
      "size": 2020
    },
    {
      "localFile": "\\share\\graphviz\\graphs\\directed\\pmpipe.gv",
      "size": 3499
    },
    {
      "localFile": "\\share\\graphviz\\graphs\\directed\\polypoly.gif",
      "size": 40854
    },
    {
      "localFile": "\\share\\graphviz\\graphs\\directed\\polypoly.gv",
      "size": 5155
    },
    {
      "localFile": "\\share\\graphviz\\graphs\\directed\\proc3d.gv",
      "size": 6121
    },
    {
      "localFile": "\\share\\graphviz\\graphs\\directed\\psfonttest.gv",
      "size": 2634
    },
    {
      "localFile": "\\share\\graphviz\\graphs\\directed\\record2.gv",
      "size": 155
    },
    {
      "localFile": "\\share\\graphviz\\graphs\\directed\\records.gv",
      "size": 417
    },
    {
      "localFile": "\\share\\graphviz\\graphs\\directed\\records.jpg",
      "size": 15080
    },
    {
      "localFile": "\\share\\graphviz\\graphs\\directed\\records.png",
      "size": 12769
    },
    {
      "localFile": "\\share\\graphviz\\graphs\\directed\\rowe.gv",
      "size": 765
    },
    {
      "localFile": "\\share\\graphviz\\graphs\\directed\\russian.gv",
      "size": 520
    },
    {
      "localFile": "\\share\\graphviz\\graphs\\directed\\russian.jpg",
      "size": 43980
    },
    {
      "localFile": "\\share\\graphviz\\graphs\\directed\\sdh.gv",
      "size": 5428
    },
    {
      "localFile": "\\share\\graphviz\\graphs\\directed\\shells.gv",
      "size": 1102
    },
    {
      "localFile": "\\share\\graphviz\\graphs\\directed\\states.gv",
      "size": 493
    },
    {
      "localFile": "\\share\\graphviz\\graphs\\directed\\structs.gv",
      "size": 307
    },
    {
      "localFile": "\\share\\graphviz\\graphs\\directed\\switch.gv",
      "size": 1344
    },
    {
      "localFile": "\\share\\graphviz\\graphs\\directed\\table.gv",
      "size": 1127
    },
    {
      "localFile": "\\share\\graphviz\\graphs\\directed\\train11.gv",
      "size": 777
    },
    {
      "localFile": "\\share\\graphviz\\graphs\\directed\\trapeziumlr.gv",
      "size": 1484
    },
    {
      "localFile": "\\share\\graphviz\\graphs\\directed\\tree.gv",
      "size": 588
    },
    {
      "localFile": "\\share\\graphviz\\graphs\\directed\\triedds.gv",
      "size": 1610
    },
    {
      "localFile": "\\share\\graphviz\\graphs\\directed\\triedds.jpg",
      "size": 65861
    },
    {
      "localFile": "\\share\\graphviz\\graphs\\directed\\try.gv",
      "size": 163
    },
    {
      "localFile": "\\share\\graphviz\\graphs\\directed\\unix.gv",
      "size": 1433
    },
    {
      "localFile": "\\share\\graphviz\\graphs\\directed\\unix2.gv",
      "size": 1719
    },
    {
      "localFile": "\\share\\graphviz\\graphs\\directed\\viewfile.gv",
      "size": 1767
    },
    {
      "localFile": "\\share\\graphviz\\graphs\\directed\\viewfile.jpg",
      "size": 70559
    },
    {
      "localFile": "\\share\\graphviz\\graphs\\directed\\world.gif",
      "size": 0
    },
    {
      "localFile": "\\share\\graphviz\\graphs\\directed\\world.gv",
      "size": 980
    },
    {
      "localFile": "\\share\\graphviz\\graphs\\smyrna",
      "size": 0
    },
    {
      "localFile": "\\share\\graphviz\\graphs\\smyrna\\4elt.dot",
      "size": 1375260
    },
    {
      "localFile": "\\share\\graphviz\\graphs\\smyrna\\world.dot",
      "size": 16622644
    },
    {
      "localFile": "\\share\\graphviz\\graphs\\undirected",
      "size": 0
    },
    {
      "localFile": "\\share\\graphviz\\graphs\\undirected\\ER.gv",
      "size": 650
    },
    {
      "localFile": "\\share\\graphviz\\graphs\\undirected\\Heawood.gv",
      "size": 790
    },
    {
      "localFile": "\\share\\graphviz\\graphs\\undirected\\ngk10_4.gv",
      "size": 1754
    },
    {
      "localFile": "\\share\\graphviz\\graphs\\undirected\\Petersen.gv",
      "size": 904
    },
    {
      "localFile": "\\share\\graphviz\\graphs\\undirected\\process.gv",
      "size": 234
    },
    {
      "localFile": "\\share\\graphviz\\gvedit",
      "size": 0
    },
    {
      "localFile": "\\share\\graphviz\\gvedit\\attributes.txt",
      "size": 61594
    },
    {
      "localFile": "\\share\\graphviz\\lefty",
      "size": 0
    },
    {
      "localFile": "\\share\\graphviz\\lefty\\box.lefty",
      "size": 3613
    },
    {
      "localFile": "\\share\\graphviz\\lefty\\def.lefty",
      "size": 459
    },
    {
      "localFile": "\\share\\graphviz\\lefty\\dotty.lefty",
      "size": 23036
    },
    {
      "localFile": "\\share\\graphviz\\lefty\\dotty_draw.lefty",
      "size": 19946
    },
    {
      "localFile": "\\share\\graphviz\\lefty\\dotty_edit.lefty",
      "size": 18046
    },
    {
      "localFile": "\\share\\graphviz\\lefty\\dotty_layout.lefty",
      "size": 14424
    },
    {
      "localFile": "\\share\\graphviz\\lefty\\dotty_ui.lefty",
      "size": 14216
    },
    {
      "localFile": "\\share\\graphviz\\lefty\\fractal.lefty",
      "size": 2716
    },
    {
      "localFile": "\\share\\graphviz\\lefty\\fractal2.lefty",
      "size": 5751
    },
    {
      "localFile": "\\share\\graphviz\\lefty\\lefty.psp",
      "size": 2423
    },
    {
      "localFile": "\\share\\graphviz\\lefty\\slides.lefty",
      "size": 3198
    },
    {
      "localFile": "\\share\\graphviz\\lefty\\tree.lefty",
      "size": 5014
    },
    {
      "localFile": "\\share\\graphviz\\smyrna",
      "size": 0
    },
    {
      "localFile": "\\share\\graphviz\\smyrna\\2D.png",
      "size": 3244
    },
    {
      "localFile": "\\share\\graphviz\\smyrna\\3D.png",
      "size": 3552
    },
    {
      "localFile": "\\share\\graphviz\\smyrna\\attrs.txt",
      "size": 3333
    },
    {
      "localFile": "\\share\\graphviz\\smyrna\\attr_widgets.dot",
      "size": 2942
    },
    {
      "localFile": "\\share\\graphviz\\smyrna\\center.png",
      "size": 3737
    },
    {
      "localFile": "\\share\\graphviz\\smyrna\\details.png",
      "size": 3441
    },
    {
      "localFile": "\\share\\graphviz\\smyrna\\edge.png",
      "size": 3352
    },
    {
      "localFile": "\\share\\graphviz\\smyrna\\fish.PNG",
      "size": 10690
    },
    {
      "localFile": "\\share\\graphviz\\smyrna\\fisheye.png",
      "size": 3711
    },
    {
      "localFile": "\\share\\graphviz\\smyrna\\fit.png",
      "size": 3394
    },
    {
      "localFile": "\\share\\graphviz\\smyrna\\magnifier.png",
      "size": 4176
    },
    {
      "localFile": "\\share\\graphviz\\smyrna\\mod_3D.png",
      "size": 4528
    },
    {
      "localFile": "\\share\\graphviz\\smyrna\\mod_fisheye.png",
      "size": 4409
    },
    {
      "localFile": "\\share\\graphviz\\smyrna\\mouse_actions.txt",
      "size": 995
    },
    {
      "localFile": "\\share\\graphviz\\smyrna\\move.png",
      "size": 3415
    },
    {
      "localFile": "\\share\\graphviz\\smyrna\\node.png",
      "size": 3601
    },
    {
      "localFile": "\\share\\graphviz\\smyrna\\no_fisheye.png",
      "size": 3694
    },
    {
      "localFile": "\\share\\graphviz\\smyrna\\pan.png",
      "size": 3759
    },
    {
      "localFile": "\\share\\graphviz\\smyrna\\preview.png",
      "size": 4106
    },
    {
      "localFile": "\\share\\graphviz\\smyrna\\rect_select.png",
      "size": 3502
    },
    {
      "localFile": "\\share\\graphviz\\smyrna\\rect_select2.png",
      "size": 3474
    },
    {
      "localFile": "\\share\\graphviz\\smyrna\\rotate.png",
      "size": 3735
    },
    {
      "localFile": "\\share\\graphviz\\smyrna\\smyrna.glade",
      "size": 172787
    },
    {
      "localFile": "\\share\\graphviz\\smyrna\\template.dot",
      "size": 1790
    },
    {
      "localFile": "\\share\\graphviz\\smyrna\\zoom.png",
      "size": 3592
    },
    {
      "localFile": "\\share\\graphviz\\smyrna\\zoomin.png",
      "size": 3765
    },
    {
      "localFile": "\\share\\graphviz\\smyrna\\zoomout.png",
      "size": 3658
    },
    {
      "localFile": "\\share\\license.rtf",
      "size": 12757
    },
    {
      "localFile": "\\share\\man",
      "size": 0
    },
    {
      "localFile": "\\share\\man\\man1",
      "size": 0
    },
    {
      "localFile": "\\share\\man\\man1\\acyclic.1",
      "size": 1604
    },
    {
      "localFile": "\\share\\man\\man1\\bcomps.1",
      "size": 2107
    },
    {
      "localFile": "\\share\\man\\man1\\ccomps.1",
      "size": 3300
    },
    {
      "localFile": "\\share\\man\\man1\\circo.1",
      "size": 28121
    },
    {
      "localFile": "\\share\\man\\man1\\dijkstra.1",
      "size": 1431
    },
    {
      "localFile": "\\share\\man\\man1\\dot.1",
      "size": 28121
    },
    {
      "localFile": "\\share\\man\\man1\\dotty.1",
      "size": 1003
    },
    {
      "localFile": "\\share\\man\\man1\\fdp.1",
      "size": 28121
    },
    {
      "localFile": "\\share\\man\\man1\\gc.1",
      "size": 1475
    },
    {
      "localFile": "\\share\\man\\man1\\gv2gxl.1",
      "size": 2351
    },
    {
      "localFile": "\\share\\man\\man1\\gvcolor.1",
      "size": 1932
    },
    {
      "localFile": "\\share\\man\\man1\\gvgen.1",
      "size": 2657
    },
    {
      "localFile": "\\share\\man\\man1\\gvpack.1",
      "size": 2758
    },
    {
      "localFile": "\\share\\man\\man1\\gvpr.1",
      "size": 39193
    },
    {
      "localFile": "\\share\\man\\man1\\gxl2gv.1",
      "size": 2351
    },
    {
      "localFile": "\\share\\man\\man1\\lefty.1",
      "size": 3376
    },
    {
      "localFile": "\\share\\man\\man1\\lneato.1",
      "size": 1027
    },
    {
      "localFile": "\\share\\man\\man1\\mm2gv.1",
      "size": 1132
    },
    {
      "localFile": "\\share\\man\\man1\\neato.1",
      "size": 28121
    },
    {
      "localFile": "\\share\\man\\man1\\nop.1",
      "size": 714
    },
    {
      "localFile": "\\share\\man\\man1\\osage.1",
      "size": 18777
    },
    {
      "localFile": "\\share\\man\\man1\\prune.1",
      "size": 2543
    },
    {
      "localFile": "\\share\\man\\man1\\sccmap.1",
      "size": 1646
    },
    {
      "localFile": "\\share\\man\\man1\\tred.1",
      "size": 1166
    },
    {
      "localFile": "\\share\\man\\man1\\twopi.1",
      "size": 28121
    },
    {
      "localFile": "\\share\\man\\man1\\unflatten.1",
      "size": 1520
    },
    {
      "localFile": "\\share\\man\\man3",
      "size": 0
    },
    {
      "localFile": "\\share\\man\\man3\\cdt.3",
      "size": 19117
    },
    {
      "localFile": "\\share\\man\\man3\\cgraph.3",
      "size": 20842
    },
    {
      "localFile": "\\share\\man\\man3\\graph.3",
      "size": 10113
    },
    {
      "localFile": "\\share\\man\\man3\\gvc.3",
      "size": 1957
    },
    {
      "localFile": "\\share\\man\\man3\\pathplan.3",
      "size": 2757
    },
    {
      "localFile": "\\share\\man\\man3\\xdot.3",
      "size": 6533
    },
    {
      "localFile": "\\share\\man\\man7",
      "size": 0
    },
    {
      "localFile": "\\share\\man\\man7\\graphviz.7",
      "size": 2236
    },
    {
      "localFile": "\\share\\setuplogo.bmp",
      "size": 139214
    },
    {
      "localFile": "\\share\\Thumbs.db",
      "size": 3072
    }
  ]
}